Name,State,Image
Acadia,Maine,https://upload.wikimedia.org/wikipedia/commons/thumb/9/93/Bass_Harbor_Head_Light_Station_2016.jpg/200px-Bass_Harbor_Head_Light_Station_2016.jpg
American Samoa,American Samoa,https://upload.wikimedia.org/wikipedia/commons/thumb/1/13/Ofu_Beach_NPS.jpg/200px-Ofu_Beach_NPS.jpg
Arches,Utah,https://upload.wikimedia.org/wikipedia/commons/thumb/0/06/Delicatearch1.jpg/200px-Delicatearch1.jpg
Big Bend,Texas,https://upload.wikimedia.org/wikipedia/commons/thumb/e/e7/Big_Bend_National_Park_PB112573.jpg/200px-Big_Bend_National_Park_PB112573.jpg
Biscayne,Florida,https://upload.wikimedia.org/wikipedia/commons/thumb/d/df/Biscayne_NP_snorkeling.jpg/200px-Biscayne_NP_snorkeling.jpg
Bryce Canyon,Utah,https://upload.wikimedia.org/wikipedia/commons/thumb/5/58/Bryce_Canyon_Hoodoos_Amphitheater.jpg/200px-Bryce_Canyon_Hoodoos_Amphitheater.jpg
Crater Lake,Oregon,https://upload.wikimedia.org/wikipedia/commons/thumb/b/b5/Crater_lake_oregon.jpg/200px-Crater_lake_oregon.jpg
Death Valley,Nevada,https://upload.wikimedia.org/wikipedia/commons/thumb/8/87/Mesquite_Sand_Dunes_in_Death_Valley.jpg/200px-Mesquite_Sand_Dunes_in_Death_Valley.jpg
Denali,Alaska,https://upload.wikimedia.org/wikipedia/commons/thumb/e/ed/Mount_McKinley_and_Denali_National_Park_Road_2048px.jpg/200px-Mount_McKinley_and_Denali_National_Park_Road_2048px.jpg
Everglades,Florida,https://upload.wikimedia.org/wikipedia/commons/thumb/6/68/Everglades_National_Park_cypress.jpg/200px-Everglades_National_Park_cypress.jpg
Grand Canyon,Arizona,https://upload.wikimedia.org/wikipedia/commons/thumb/f/f9/USA_09847_Grand_Canyon_Luca_Galuzzi_2007.jpg/200px-USA_09847_Grand_Canyon_Luca_Galuzzi_2007.jpg
Joshua Tree,California,https://upload.wikimedia.org/wikipedia/commons/thumb/9/9e/Joshua_Tree_-_Rock_formation_in_Real_Hidden_Valley_1.jpg/200px-Joshua_Tree_-_Rock_formation_in_Real_Hidden_Valley_1.jpg
Redwood,California,https://upload.wikimedia.org/wikipedia/commons/thumb/d/de/Redwood_National_Park%2C_fog_in_the_forest.jpg/200px-Redwood_National_Park%2C_fog_in_the_forest.jpg
Sequoia,California,https://upload.wikimedia.org/wikipedia/commons/thumb/2/27/Giant_Forest.jpg/200px-Giant_Forest.jpg
Yosemite,California,https://upload.wikimedia.org/wikipedia/commons/thumb/c/c7/YosemitePark2_amk.jpg/200px-YosemitePark2_amk.jpg
